campaign_period_id,month,record_count,positive_count,positive_rate
1,may,7762,240,0.03091986601391394
2,jun,4374,188,0.04298125285779607
3,jul,6681,407,0.0609190240981889
4,aug,5173,271,0.05238739609510922
5,oct,67,42,0.6268656716417911
6,nov,3615,190,0.05255878284923928
7,dec,10,1,0.1
8,mar,282,126,0.44680851063829785
9,apr,2457,442,0.17989417989417988
10,may,5793,524,0.09045399620231313
11,jun,715,264,0.36923076923076925
12,jul,177,65,0.3672316384180791
13,aug,770,264,0.34285714285714286
14,sep,267,106,0.3970037453183521
15,oct,446,180,0.40358744394618834
16,nov,357,168,0.47058823529411764
17,dec,172,88,0.5116279069767442
18,mar,264,150,0.5681818181818182
19,apr,174,97,0.5574712643678161
20,may,212,122,0.5754716981132075
21,jun,229,107,0.4672489082969432
22,jul,311,176,0.5659163987138264
23,aug,233,120,0.5150214592274678
24,sep,303,150,0.49504950495049505
25,oct,204,93,0.45588235294117646
26,nov,128,58,0.453125
