age_band,age_band_sort,education_tr,record_count,positive_count,response_rate,negative_count,small_sample_flag,education_sort
18–24,1,Bilinmiyor,60,27,0.45,33,False,8
18–24,1,Lise,139,65,0.4676258992805755,74,False,5
18–24,1,Mesleki eğitim,35,21,0.6,14,False,6
18–24,1,Temel eğitim - 4 yıl,10,6,0.6,4,True,2
18–24,1,Temel eğitim - 6 yıl,10,6,0.6,4,True,3
18–24,1,Temel eğitim - 9 yıl,50,20,0.4,30,False,4
18–24,1,Üniversite,49,25,0.5102040816326531,24,False,7
25–34,2,Bilinmiyor,93,44,0.4731182795698925,49,False,8
25–34,2,Lise,399,170,0.42606516290726815,229,False,5
25–34,2,Mesleki eğitim,216,100,0.46296296296296297,116,False,6
25–34,2,Temel eğitim - 4 yıl,21,7,0.3333333333333333,14,True,2
25–34,2,Temel eğitim - 6 yıl,12,4,0.3333333333333333,8,True,3
25–34,2,Temel eğitim - 9 yıl,73,33,0.4520547945205479,40,False,4
25–34,2,Üniversite,905,380,0.4198895027624309,525,False,7
35–44,3,Bilinmiyor,40,17,0.425,23,False,8
35–44,3,Lise,225,90,0.4,135,False,5
35–44,3,Mesleki eğitim,116,60,0.5172413793103449,56,False,6
35–44,3,Okuryazar değil,2,1,0.5,1,True,1
35–44,3,Temel eğitim - 4 yıl,22,6,0.2727272727272727,16,True,2
35–44,3,Temel eğitim - 6 yıl,41,19,0.4634146341463415,22,False,3
35–44,3,Temel eğitim - 9 yıl,55,17,0.3090909090909091,38,False,4
35–44,3,Üniversite,503,231,0.4592445328031809,272,False,7
45–54,4,Bilinmiyor,34,12,0.35294117647058826,22,False,8
45–54,4,Lise,140,68,0.4857142857142857,72,False,5
45–54,4,Mesleki eğitim,117,48,0.41025641025641024,69,False,6
45–54,4,Temel eğitim - 4 yıl,31,11,0.3548387096774194,20,False,2
45–54,4,Temel eğitim - 6 yıl,16,9,0.5625,7,True,3
45–54,4,Temel eğitim - 9 yıl,74,35,0.47297297297297297,39,False,4
45–54,4,Üniversite,315,140,0.4444444444444444,175,False,7
55–64,5,Bilinmiyor,56,26,0.4642857142857143,30,False,8
55–64,5,Lise,106,52,0.49056603773584906,54,False,5
55–64,5,Mesleki eğitim,95,37,0.3894736842105263,58,False,6
55–64,5,Temel eğitim - 4 yıl,135,66,0.4888888888888889,69,False,2
55–64,5,Temel eğitim - 6 yıl,8,2,0.25,6,True,3
55–64,5,Temel eğitim - 9 yıl,38,16,0.42105263157894735,22,False,4
55–64,5,Üniversite,173,67,0.3872832369942196,106,False,7
65+,6,Bilinmiyor,57,34,0.5964912280701754,23,False,8
65+,6,Lise,56,27,0.48214285714285715,29,False,5
65+,6,Mesleki eğitim,63,30,0.47619047619047616,33,False,6
65+,6,Okuryazar değil,1,1,1.0,0,True,1
65+,6,Temel eğitim - 4 yıl,246,130,0.5284552845528455,116,False,2
65+,6,Temel eğitim - 6 yıl,17,9,0.5294117647058824,8,True,3
65+,6,Temel eğitim - 9 yıl,28,8,0.2857142857142857,20,True,4
65+,6,Üniversite,80,31,0.3875,49,False,7
