dimension,dimension_sort,segment,record_count,positive_count,response_rate,negative_count,record_share,positive_share,overall_response_rate,lift_vs_overall,small_sample_flag,priority_band,segment_sort
Meslek,1,Bilinmiyor,7,2,0.2857142857142857,5,0.013888888888888888,0.0056179775280898875,0.7063492063492064,0.40449438202247184,True,İlk %10,12
Meslek,1,Emekli,67,43,0.6417910447761194,24,0.13293650793650794,0.12078651685393259,0.7063492063492064,0.9086030521549554,False,İlk %10,6
Meslek,1,Ev hizmetleri,10,8,0.8,2,0.01984126984126984,0.02247191011235955,0.7063492063492064,1.1325842696629214,True,İlk %10,4
Meslek,1,Hizmet çalışanı,21,14,0.6666666666666666,7,0.041666666666666664,0.03932584269662921,0.7063492063492064,0.943820224719101,True,İlk %10,8
Meslek,1,Mavi yaka,27,18,0.6666666666666666,9,0.05357142857142857,0.05056179775280899,0.7063492063492064,0.943820224719101,True,İlk %10,2
Meslek,1,Serbest çalışan,6,6,1.0,0,0.011904761904761904,0.016853932584269662,0.7063492063492064,1.4157303370786516,True,İlk %10,7
Meslek,1,Teknik personel,130,90,0.6923076923076923,40,0.25793650793650796,0.25280898876404495,0.7063492063492064,0.9801210025929126,False,İlk %10,10
Meslek,1,Yönetim,17,12,0.7058823529411765,5,0.03373015873015873,0.033707865168539325,0.7063492063492064,0.9993390614672836,True,İlk %10,5
Meslek,1,Öğrenci,46,34,0.7391304347826086,12,0.09126984126984126,0.09550561797752809,0.7063492063492064,1.0464093795798728,False,İlk %10,9
Meslek,1,İdari çalışan,148,111,0.75,37,0.29365079365079366,0.31179775280898875,0.7063492063492064,1.0617977528089888,False,İlk %10,1
Meslek,1,İşsiz,25,18,0.72,7,0.0496031746031746,0.05056179775280899,0.7063492063492064,1.0193258426966292,True,İlk %10,11
Kanal,2,Cep telefonu,504,356,0.7063492063492064,148,1.0,1.0,0.7063492063492064,1.0,False,İlk %10,1
Önceki Kampanya Sonucu,3,Başarılı,490,352,0.7183673469387755,138,0.9722222222222222,0.9887640449438202,0.7063492063492064,1.0170144462279291,False,İlk %10,1
Önceki Kampanya Sonucu,3,Başarısız,6,2,0.3333333333333333,4,0.011904761904761904,0.0056179775280898875,0.7063492063492064,0.4719101123595505,True,İlk %10,2
Önceki Kampanya Sonucu,3,Önceki kampanya yok,8,2,0.25,6,0.015873015873015872,0.0056179775280898875,0.7063492063492064,0.3539325842696629,True,İlk %10,3
Temas Sayısı,4,1,301,215,0.7142857142857143,86,0.5972222222222222,0.6039325842696629,0.7063492063492064,1.0112359550561798,False,İlk %10,1
Temas Sayısı,4,2,149,107,0.7181208053691275,42,0.29563492063492064,0.300561797752809,0.7063492063492064,1.0166654098484276,False,İlk %10,2
Temas Sayısı,4,3,43,28,0.6511627906976745,15,0.08531746031746032,0.07865168539325842,0.7063492063492064,0.9218709171674941,False,İlk %10,3
Temas Sayısı,4,4,9,5,0.5555555555555556,4,0.017857142857142856,0.014044943820224719,0.7063492063492064,0.7865168539325843,True,İlk %10,4
Temas Sayısı,4,6+,2,1,0.5,1,0.003968253968253968,0.0028089887640449437,0.7063492063492064,0.7078651685393258,True,İlk %10,6
Yaş Bandı,5,18–24,41,27,0.6585365853658537,14,0.08134920634920635,0.07584269662921349,0.7063492063492064,0.9323102219786242,False,İlk %10,1
Yaş Bandı,5,25–34,181,137,0.7569060773480663,44,0.35912698412698413,0.3848314606741573,0.7063492063492064,1.0715748960208578,False,İlk %10,2
Yaş Bandı,5,35–44,119,83,0.6974789915966386,36,0.2361111111111111,0.23314606741573032,0.7063492063492064,0.9874421678783872,False,İlk %10,3
Yaş Bandı,5,45–54,50,32,0.64,18,0.0992063492063492,0.0898876404494382,0.7063492063492064,0.906067415730337,False,İlk %10,4
Yaş Bandı,5,55–64,60,40,0.6666666666666666,20,0.11904761904761904,0.11235955056179775,0.7063492063492064,0.943820224719101,False,İlk %10,5
Yaş Bandı,5,65+,53,37,0.6981132075471698,16,0.10515873015873016,0.10393258426966293,0.7063492063492064,0.9883400466398133,False,İlk %10,6
Eğitim,6,Bilinmiyor,32,23,0.71875,9,0.06349206349206349,0.06460674157303371,0.7063492063492064,1.0175561797752808,False,İlk %10,8
Eğitim,6,Lise,112,78,0.6964285714285714,34,0.2222222222222222,0.21910112359550563,0.7063492063492064,0.9859550561797752,False,İlk %10,5
Eğitim,6,Mesleki eğitim,101,80,0.7920792079207921,21,0.2003968253968254,0.2247191011235955,0.7063492063492064,1.1213705640226943,False,İlk %10,6
Eğitim,6,Temel eğitim - 4 yıl,40,25,0.625,15,0.07936507936507936,0.0702247191011236,0.7063492063492064,0.8848314606741573,False,İlk %10,2
Eğitim,6,Temel eğitim - 6 yıl,10,6,0.6,4,0.01984126984126984,0.016853932584269662,0.7063492063492064,0.8494382022471909,True,İlk %10,3
Eğitim,6,Temel eğitim - 9 yıl,29,17,0.5862068965517241,12,0.057539682539682536,0.047752808988764044,0.7063492063492064,0.8299108872530025,True,İlk %10,4
Eğitim,6,Üniversite,180,127,0.7055555555555556,53,0.35714285714285715,0.35674157303370785,0.7063492063492064,0.998876404494382,False,İlk %10,7
Meslek,1,Bilinmiyor,6,3,0.5,3,0.012121212121212121,0.009316770186335404,0.6505050505050505,0.7686335403726708,True,İkinci %10,12
Meslek,1,Emekli,94,62,0.6595744680851063,32,0.1898989898989899,0.19254658385093168,0.6505050505050505,1.013942117087353,False,İkinci %10,6
Meslek,1,Ev hizmetleri,13,9,0.6923076923076923,4,0.026262626262626262,0.027950310559006212,0.6505050505050505,1.0642618251313904,True,İkinci %10,4
Meslek,1,Girişimci,10,8,0.8,2,0.020202020202020204,0.024844720496894408,0.6505050505050505,1.2298136645962734,True,İkinci %10,3
Meslek,1,Hizmet çalışanı,25,16,0.64,9,0.050505050505050504,0.049689440993788817,0.6505050505050505,0.9838509316770186,True,İkinci %10,8
Meslek,1,Mavi yaka,18,10,0.5555555555555556,8,0.03636363636363636,0.031055900621118012,0.6505050505050505,0.8540372670807455,True,İkinci %10,2
Meslek,1,Serbest çalışan,13,6,0.46153846153846156,7,0.026262626262626262,0.018633540372670808,0.6505050505050505,0.709507883420927,True,İkinci %10,7
Meslek,1,Teknik personel,31,19,0.6129032258064516,12,0.06262626262626263,0.059006211180124224,0.6505050505050505,0.9421959527148869,False,İkinci %10,10
Meslek,1,Yönetim,47,35,0.7446808510638298,12,0.09494949494949495,0.10869565217391304,0.6505050505050505,1.1447733580018502,False,İkinci %10,5
Meslek,1,Öğrenci,82,48,0.5853658536585366,34,0.16565656565656567,0.14906832298136646,0.6505050505050505,0.8998636570216634,False,İkinci %10,9
Meslek,1,İdari çalışan,146,97,0.6643835616438356,49,0.29494949494949496,0.30124223602484473,0.6505050505050505,1.021334978303412,False,İkinci %10,1
Meslek,1,İşsiz,10,9,0.9,1,0.020202020202020204,0.027950310559006212,0.6505050505050505,1.3835403726708075,True,İkinci %10,11
Kanal,2,Cep telefonu,480,314,0.6541666666666667,166,0.9696969696969697,0.9751552795031055,0.6505050505050505,1.0056288819875776,False,İkinci %10,1
Kanal,2,Sabit telefon,15,8,0.5333333333333333,7,0.030303030303030304,0.024844720496894408,0.6505050505050505,0.8198757763975155,True,İkinci %10,2
Önceki Kampanya Sonucu,3,Başarılı,336,248,0.7380952380952381,88,0.6787878787878788,0.7701863354037267,0.6505050505050505,1.1346495119787046,False,İkinci %10,1
Önceki Kampanya Sonucu,3,Başarısız,30,14,0.4666666666666667,16,0.06060606060606061,0.043478260869565216,0.6505050505050505,0.7173913043478262,False,İkinci %10,2
Önceki Kampanya Sonucu,3,Önceki kampanya yok,129,60,0.46511627906976744,69,0.2606060606060606,0.18633540372670807,0.6505050505050505,0.7150079445327171,False,İkinci %10,3
Temas Sayısı,4,1,248,167,0.6733870967741935,81,0.501010101010101,0.5186335403726708,0.6505050505050505,1.0351758164696454,False,İkinci %10,1
Temas Sayısı,4,2,159,102,0.6415094339622641,57,0.3212121212121212,0.3167701863354037,0.6505050505050505,0.9861713348177663,False,İkinci %10,2
Temas Sayısı,4,3,63,42,0.6666666666666666,21,0.12727272727272726,0.13043478260869565,0.6505050505050505,1.0248447204968945,False,İkinci %10,3
Temas Sayısı,4,4,19,9,0.47368421052631576,10,0.03838383838383838,0.027950310559006212,0.6505050505050505,0.7281791435109513,True,İkinci %10,4
Temas Sayısı,4,5,3,0,0.0,3,0.006060606060606061,0.0,0.6505050505050505,0.0,True,İkinci %10,5
Temas Sayısı,4,6+,3,2,0.6666666666666666,1,0.006060606060606061,0.006211180124223602,0.6505050505050505,1.0248447204968945,True,İkinci %10,6
Yaş Bandı,5,18–24,62,38,0.6129032258064516,24,0.12525252525252525,0.11801242236024845,0.6505050505050505,0.9421959527148869,False,İkinci %10,1
Yaş Bandı,5,25–34,154,90,0.5844155844155844,64,0.3111111111111111,0.2795031055900621,0.6505050505050505,0.8984028393966282,False,İkinci %10,2
Yaş Bandı,5,35–44,77,54,0.7012987012987013,23,0.15555555555555556,0.16770186335403728,0.6505050505050505,1.078083407275954,False,İkinci %10,3
Yaş Bandı,5,45–54,60,41,0.6833333333333333,19,0.12121212121212122,0.12732919254658384,0.6505050505050505,1.0504658385093169,False,İkinci %10,4
Yaş Bandı,5,55–64,61,46,0.7540983606557377,15,0.12323232323232323,0.14285714285714285,0.6505050505050505,1.1592505854800936,False,İkinci %10,5
Yaş Bandı,5,65+,81,53,0.654320987654321,28,0.16363636363636364,0.16459627329192547,0.6505050505050505,1.0058661145617669,False,İkinci %10,6
Eğitim,6,Bilinmiyor,40,23,0.575,17,0.08080808080808081,0.07142857142857142,0.6505050505050505,0.8839285714285714,False,İkinci %10,8
Eğitim,6,Lise,125,83,0.664,42,0.25252525252525254,0.2577639751552795,0.6505050505050505,1.020745341614907,False,İkinci %10,5
Eğitim,6,Mesleki eğitim,32,23,0.71875,9,0.06464646464646465,0.07142857142857142,0.6505050505050505,1.1049107142857144,False,İkinci %10,6
Eğitim,6,Okuryazar değil,1,1,1.0,0,0.00202020202020202,0.003105590062111801,0.6505050505050505,1.5372670807453417,True,İkinci %10,1
Eğitim,6,Temel eğitim - 4 yıl,66,45,0.6818181818181818,21,0.13333333333333333,0.13975155279503104,0.6505050505050505,1.0481366459627328,False,İkinci %10,2
Eğitim,6,Temel eğitim - 6 yıl,11,6,0.5454545454545454,5,0.022222222222222223,0.018633540372670808,0.6505050505050505,0.8385093167701864,True,İkinci %10,3
Eğitim,6,Temel eğitim - 9 yıl,22,17,0.7727272727272727,5,0.044444444444444446,0.052795031055900624,0.6505050505050505,1.187888198757764,True,İkinci %10,4
Eğitim,6,Üniversite,198,124,0.6262626262626263,74,0.4,0.38509316770186336,0.6505050505050505,0.9627329192546585,False,İkinci %10,7
Meslek,1,Bilinmiyor,42,17,0.40476190476190477,25,0.010598031794095382,0.011111111111111112,0.38607115821347465,1.0484126984126985,False,Diğer %80,12
Meslek,1,Emekli,519,212,0.40847784200385356,307,0.13096139288417866,0.13856209150326798,0.38607115821347465,1.0580377044844913,False,Diğer %80,6
Meslek,1,Ev hizmetleri,114,46,0.40350877192982454,68,0.028766086298258896,0.030065359477124184,0.38607115821347465,1.0451668386652906,False,Diğer %80,4
Meslek,1,Girişimci,79,25,0.31645569620253167,54,0.019934393136512744,0.016339869281045753,0.38607115821347465,0.8196823033010673,False,Diğer %80,3
Meslek,1,Hizmet çalışanı,199,72,0.36180904522613067,127,0.05021448397678526,0.047058823529411764,0.38607115821347465,0.9371563700857227,False,Diğer %80,8
Meslek,1,Mavi yaka,263,99,0.376425855513308,164,0.06636386575826395,0.06470588235294118,0.38607115821347465,0.9750167747707448,False,Diğer %80,2
Meslek,1,Serbest çalışan,140,45,0.32142857142857145,95,0.03532677264698461,0.029411764705882353,0.38607115821347465,0.8325630252100841,False,Diğer %80,7
Meslek,1,Teknik personel,557,219,0.39317773788150806,338,0.1405500883169316,0.14313725490196078,0.38607115821347465,1.0184074347872003,False,Diğer %80,10
Meslek,1,Yönetim,287,103,0.3588850174216028,184,0.07241988392631844,0.0673202614379085,0.38607115821347465,0.9295825647332103,False,Diğer %80,5
Meslek,1,Öğrenci,307,121,0.3941368078175896,186,0.07746656573303053,0.07908496732026143,0.38607115821347465,1.02089161397458,False,Diğer %80,9
Meslek,1,İdari çalışan,1276,504,0.3949843260188088,772,0.3219782992682311,0.32941176470588235,0.38607115821347465,1.0230868522957772,False,Diğer %80,1
Meslek,1,İşsiz,180,67,0.37222222222222223,113,0.045420136260408785,0.04379084967320261,0.38607115821347465,0.9641285403050109,False,Diğer %80,11
Kanal,2,Cep telefonu,3280,1340,0.40853658536585363,1940,0.8276558163007822,0.8758169934640523,0.38607115821347465,1.0581898613103777,False,Diğer %80,1
Kanal,2,Sabit telefon,683,190,0.2781844802342606,493,0.17234418369921775,0.12418300653594772,0.38607115821347465,0.7205523497832516,False,Diğer %80,2
Önceki Kampanya Sonucu,3,Başarılı,291,204,0.7010309278350515,87,0.07342922028766086,0.13333333333333333,0.38607115821347465,1.8158075601374568,False,Diğer %80,1
Önceki Kampanya Sonucu,3,Başarısız,1177,390,0.33135089209855567,787,0.2969972243250063,0.2549019607843137,0.38607115821347465,0.8582637812984157,False,Diğer %80,2
Önceki Kampanya Sonucu,3,Önceki kampanya yok,2495,936,0.3751503006012024,1559,0.6295735553873328,0.611764705882353,0.38607115821347465,0.971712837439585,False,Diğer %80,3
Temas Sayısı,4,1,2158,810,0.3753475440222428,1348,0.5445369669442341,0.5294117647058824,0.38607115821347465,0.9722237365752602,False,Diğer %80,1
Temas Sayısı,4,2,992,393,0.3961693548387097,599,0.25031541761291953,0.2568627450980392,0.38607115821347465,1.0261563092979127,False,Diğer %80,2
Temas Sayısı,4,3,407,173,0.4250614250614251,234,0.10269997476659097,0.1130718954248366,0.38607115821347465,1.100992436286554,False,Diğer %80,3
Temas Sayısı,4,4,187,78,0.41711229946524064,109,0.04718647489275801,0.050980392156862744,0.38607115821347465,1.0804026423403585,False,Diğer %80,4
Temas Sayısı,4,5,105,36,0.34285714285714286,69,0.026495079485238455,0.023529411764705882,0.38607115821347465,0.8880672268907562,False,Diğer %80,5
Temas Sayısı,4,6+,114,40,0.3508771929824561,74,0.028766086298258896,0.026143790849673203,0.38607115821347465,0.9088407292741657,False,Diğer %80,6
Yaş Bandı,5,18–24,250,105,0.42,145,0.06308352258390108,0.06862745098039216,0.38607115821347465,1.0878823529411763,False,Diğer %80,1
Yaş Bandı,5,25–34,1384,511,0.36921965317919075,873,0.3492303810244764,0.33398692810457514,0.38607115821347465,0.9563512977445313,False,Diğer %80,2
Yaş Bandı,5,35–44,808,304,0.37623762376237624,504,0.2038859449911683,0.19869281045751633,0.38607115821347465,0.9745292176276451,False,Diğer %80,3
Yaş Bandı,5,45–54,617,250,0.4051863857374392,367,0.1556901337370679,0.16339869281045752,0.38607115821347465,1.0495121873708964,False,Diğer %80,4
Yaş Bandı,5,55–64,490,180,0.3673469387755102,310,0.12364370426444612,0.11764705882352941,0.38607115821347465,0.9515006002400961,False,Diğer %80,5
Yaş Bandı,5,65+,414,180,0.43478260869565216,234,0.10446631339894019,0.11764705882352941,0.38607115821347465,1.1261722080136403,False,Diğer %80,6
Eğitim,6,Bilinmiyor,268,114,0.4253731343283582,154,0.06762553620994197,0.07450980392156863,0.38607115821347465,1.1017998244073748,False,Diğer %80,8
Eğitim,6,Lise,828,311,0.3756038647342995,517,0.20893262679788038,0.20326797385620915,0.38607115821347465,0.9728876574784503,False,Diğer %80,5
Eğitim,6,Mesleki eğitim,509,193,0.3791748526522593,316,0.12843805198082262,0.1261437908496732,0.38607115821347465,0.9821372163796755,False,Diğer %80,6
Eğitim,6,Okuryazar değil,2,1,0.5,1,0.0005046681806712087,0.00065359477124183,0.38607115821347465,1.2950980392156863,True,Diğer %80,1
Eğitim,6,Temel eğitim - 4 yıl,359,156,0.43454038997214484,203,0.09058793843048196,0.10196078431372549,0.38607115821347465,1.1255448140258888,False,Diğer %80,2
Eğitim,6,Temel eğitim - 6 yıl,83,37,0.4457831325301205,46,0.02094372949785516,0.024183006535947713,0.38607115821347465,1.1546657217103709,False,Diğer %80,3
Eğitim,6,Temel eğitim - 9 yıl,267,95,0.35580524344569286,172,0.06737320211960636,0.06209150326797386,0.38607115821347465,0.9216053462583534,False,Diğer %80,4
Eğitim,6,Üniversite,1647,623,0.3782635094110504,1024,0.4155942467827404,0.4071895424836601,0.38607115821347465,0.9797766586901914,False,Diğer %80,7
